<renegade>
                 <active>1</active>
                 <display>Renegade</display>
                 <myc>CUJ202309</myc>
                 <base>renegade_latitude_4x4</base>
                 <mpg>renegade_latitude_4x4</mpg>
                 <trims>trailhawk</trims>
                 <trims>limited</trims>
                 <trims>altitude</trims>
                 <trims>latitude</trims>
                 <trims>upland</trims>
                 <models>
                     <renegade_latitude_4x4>
                         <ccode>CUJ202309BVJM74A</ccode>
                         <active>1</active>
                         <display>RENEGADE LATITUDE 4X4</display>
                         <image>renegade1.avif</image>
                         <trim>latitude</trim>
                         <trim_display>Latitude</trim_display>
                         <msrp>28345</msrp>
                         <variation_id>0</variation_id>
                         <drive>4x4</drive>
                         <llp>2DB</llp>
                         <mpg>
                             <hwy>29</hwy>
                             <city>23</city>
                             <disclaimer></disclaimer>
                         </mpg>
                     </renegade_latitude_4x4>
                     <renegade_upland_4x4>
                         <ccode>CUJ202309BVJM74F</ccode>
                         <active>1</active>
                         <display>RENEGADE UPLAND 4X4</display>
                         <image>renegade2.avif</image>
                         <trim>upland</trim>
                         <trim_display>Upland</trim_display>
                         <msrp>29190</msrp>
                         <variation_id>0</variation_id>
                         <drive>4x4</drive>
                         <llp>2DP</llp>
                         <mpg>
                             <hwy>29</hwy>
                             <city>23</city>
                             <disclaimer></disclaimer>
                         </mpg>
                     </renegade_upland_4x4>
                     <renegade_altitude_4x4>
                         <ccode>CUJ202309BVJM74B</ccode>
                         <active>1</active>
                         <display>RENEGADE ALTITUDE 4X4</display>
                         <image>renegade3.avif</image>
                         <trim>altitude</trim>
                         <trim_display>Altitude</trim_display>
                         <msrp>29345</msrp>
                         <variation_id>0</variation_id>
                         <drive>4x4</drive>
                         <llp>2DM</llp>
                         <mpg>
                             <hwy>29</hwy>
                             <city>23</city>
                             <disclaimer></disclaimer>
                         </mpg>
                     </renegade_altitude_4x4>
                     <renegade_trailhawk_4x4>
                         <ccode>CUJ202309BVJH74A</ccode>
                         <active>1</active>
                         <display>RENEGADE TRAILHAWK 4X4</display>
                         <image>renegade4.avif</image>
                         <trim>trailhawk</trim>
                         <trim_display>Trailhawk</trim_display>
                         <msrp>32465</msrp>
                         <variation_id>0</variation_id>
                         <drive>4x4</drive>
                         <llp>2DC</llp>
                         <mpg>
                             <hwy>27</hwy>
                             <city>22</city>
                             <disclaimer></disclaimer>
                         </mpg>
                     </renegade_trailhawk_4x4>
                     <renegade_limited_4x4>
                         <ccode>CUJ202309BVJP74A</ccode>
                         <active>1</active>
                         <display>RENEGADE LIMITED 4X4</display>
                         <image>renegade5.avif</image>
                         <trim>limited</trim>
                         <trim_display>Limited</trim_display>
                         <msrp>32845</msrp>
                         <variation_id>0</variation_id>
                         <drive>4x4</drive>
                         <llp>2DD</llp>
                         <mpg>
                             <hwy>29</hwy>
                             <city>23</city>
                             <disclaimer></disclaimer>
                         </mpg>
                     </renegade_limited_4x4>
                 </models>
                 <drives>
                     <id>0</id>
                     <name>4x4</name>
                 </drives>
             </renegade>
             