<grand_cherokee_wl>
                 <active>0</active>
                 <display>Grand Cherokee</display>
                 <myc>CUJ202320</myc>
                 <base>grand_cherokee_laredo_a_4x2</base>
                 <mpg>grand_cherokee_l_summit_4x2</mpg>
                 <trims>limited</trims>
                 <trims>summit_reserve</trims>
                 <trims>laredo_x</trims>
                 <trims>summit</trims>
                 <trims>laredo_a</trims>
                 <trims>altitude_x</trims>
                 <trims>altitude</trims>
                 <trims>laredo</trims>
                 <trims>overland</trims>
                 <models>
                     <grand_cherokee_laredo_a_4x2>
                         <ccode>CUJ202320WLTH74E</ccode>
                         <active>1</active>
                         <display>GRAND CHEROKEE LAREDO A 4X2</display>
                         <image_src></image_src>
                         <trim>laredo_a</trim>
                         <trim_display>Laredo A</trim_display>
                         <msrp>36495</msrp>
                         <variation_id>0-0</variation_id>
                         <drive>4x2</drive>
                         <llp>2TZ</llp>
                         <mpg>
                             <hwy>26</hwy>
                             <city>19</city>
                             <disclaimer></disclaimer>
                         </mpg>
                     </grand_cherokee_laredo_a_4x2>
                     <grand_cherokee_laredo_4x2>
                         <ccode>CUJ202320WLTH74A</ccode>
                         <active>1</active>
                         <display>GRAND CHEROKEE LAREDO 4X2</display>
                         <image_src>client=fcausandmarket=Uandbrand=Jandvehicle=2023_WLandpaint=PXJandfabric=X7andsa=WLTH74,2TA,22A</image_src>
                         <trim>laredo</trim>
                         <trim_display>Laredo</trim_display>
                         <msrp>40630</msrp>
                         <variation_id>0-0</variation_id>
                         <drive>4x2</drive>
                         <llp>2TA</llp>
                         <mpg>
                             <hwy>26</hwy>
                             <city>19</city>
                             <disclaimer></disclaimer>
                         </mpg>
                     </grand_cherokee_laredo_4x2>
                     <grand_cherokee_laredo_x_4x2>
                         <ccode>CUJ202320WLTH74C</ccode>
                         <active>1</active>
                         <display>GRAND CHEROKEE LAREDO X 4X2</display>
                         <image_src>client=fcausandmarket=Uandbrand=Jandvehicle=2023_WLandpaint=PSEandfabric=X7andsa=WLTH74,2TD,22D</image_src>
                         <trim>laredo_x</trim>
                         <trim_display>Laredo X</trim_display>
                         <msrp>41380</msrp>
                         <variation_id>0-0</variation_id>
                         <drive>4x2</drive>
                         <llp>2TD</llp>
                         <mpg>
                             <hwy>26</hwy>
                             <city>19</city>
                             <disclaimer></disclaimer>
                         </mpg>
                     </grand_cherokee_laredo_x_4x2>
                     <grand_cherokee_l_laredo_4x2>
                         <ccode>CUJ202320WLTH75A</ccode>
                         <active>1</active>
                         <display>GRAND CHEROKEE L LAREDO 4X2</display>
                         <image_src>client=fcausandmarket=Uandbrand=Jandvehicle=2023_WLandpaint=PXJandfabric=X7andsa=WLTH75,2TA,22A</image_src>
                         <trim>laredo</trim>
                         <trim_display>Laredo</trim_display>
                         <msrp>42630</msrp>
                         <variation_id>0-1</variation_id>
                         <drive>4x2</drive>
                         <llp>2TA</llp>
                         <mpg>
                             <hwy>26</hwy>
                             <city>19</city>
                             <disclaimer></disclaimer>
                         </mpg>
                     </grand_cherokee_l_laredo_4x2>
                     <grand_cherokee_l_laredo_x_4x2>
                         <ccode>CUJ202320WLTH75C</ccode>
                         <active>1</active>
                         <display>GRAND CHEROKEE L LAREDO X 4X2</display>
                         <image_src>client=fcausandmarket=Uandbrand=Jandvehicle=2023_WLandpaint=PSEandfabric=X7andsa=WLTH75,2TD,22D</image_src>
                         <trim>laredo_x</trim>
                         <trim_display>Laredo X</trim_display>
                         <msrp>42630</msrp>
                         <variation_id>0-1</variation_id>
                         <drive>4x2</drive>
                         <llp>2TD</llp>
                         <mpg>
                             <hwy>26</hwy>
                             <city>19</city>
                             <disclaimer></disclaimer>
                         </mpg>
                     </grand_cherokee_l_laredo_x_4x2>
                     <grand_cherokee_laredo_4x4>
                         <ccode>CUJ202320WLJH74A</ccode>
                         <active>1</active>
                         <display>GRAND CHEROKEE LAREDO 4X4</display>
                         <image_src>client=fcausandmarket=Uandbrand=Jandvehicle=2023_WLandpaint=PXJandfabric=X7andsa=WLJH74,2TA,22A</image_src>
                         <trim>laredo</trim>
                         <trim_display>Laredo</trim_display>
                         <msrp>42630</msrp>
                         <variation_id>1-0</variation_id>
                         <drive>4x4</drive>
                         <llp>2TA</llp>
                         <mpg>
                             <hwy>26</hwy>
                             <city>19</city>
                             <disclaimer></disclaimer>
                         </mpg>
                     </grand_cherokee_laredo_4x4>
                     <grand_cherokee_laredo_x_4x4>
                         <ccode>CUJ202320WLJH74C</ccode>
                         <active>1</active>
                         <display>GRAND CHEROKEE LAREDO X 4X4</display>
                         <image_src>client=fcausandmarket=Uandbrand=Jandvehicle=2023_WLandpaint=PSEandfabric=X7andsa=WLJH74,2TD,22D</image_src>
                         <trim>laredo_x</trim>
                         <trim_display>Laredo X</trim_display>
                         <msrp>43380</msrp>
                         <variation_id>1-0</variation_id>
                         <drive>4x4</drive>
                         <llp>2TD</llp>
                         <mpg>
                             <hwy>26</hwy>
                             <city>19</city>
                             <disclaimer></disclaimer>
                         </mpg>
                     </grand_cherokee_laredo_x_4x4>
                     <grand_cherokee_l_laredo_x_4x4>
                         <ccode>CUJ202320WLJH75C</ccode>
                         <active>1</active>
                         <display>GRAND CHEROKEE L LAREDO X 4X4</display>
                         <image_src>client=fcausandmarket=Uandbrand=Jandvehicle=2023_WLandpaint=PSEandfabric=X7andsa=WLJH75,2TD,22D</image_src>
                         <trim>laredo_x</trim>
                         <trim_display>Laredo X</trim_display>
                         <msrp>44630</msrp>
                         <variation_id>1-1</variation_id>
                         <drive>4x4</drive>
                         <llp>2TD</llp>
                         <mpg>
                             <hwy>25</hwy>
                             <city>18</city>
                             <disclaimer></disclaimer>
                         </mpg>
                     </grand_cherokee_l_laredo_x_4x4>
                     <grand_cherokee_l_laredo_4x4>
                         <ccode>CUJ202320WLJH75A</ccode>
                         <active>1</active>
                         <display>GRAND CHEROKEE L LAREDO 4X4</display>
                         <image_src>client=fcausandmarket=Uandbrand=Jandvehicle=2023_WLandpaint=PXJandfabric=X7andsa=WLJH75,2TA,22A</image_src>
                         <trim>laredo</trim>
                         <trim_display>Laredo</trim_display>
                         <msrp>44630</msrp>
                         <variation_id>1-1</variation_id>
                         <drive>4x4</drive>
                         <llp>2TA</llp>
                         <mpg>
                             <hwy>25</hwy>
                             <city>18</city>
                             <disclaimer></disclaimer>
                         </mpg>
                     </grand_cherokee_l_laredo_4x4>
                     <grand_cherokee_altitude_4x2>
                         <ccode>CUJ202320WLTH74B</ccode>
                         <active>1</active>
                         <display>GRAND CHEROKEE ALTITUDE 4X2</display>
                         <image_src>client=fcausandmarket=Uandbrand=Jandvehicle=2023_WLandpaint=PW7andfabric=X7andsa=WLTH74,2TB,22B</image_src>
                         <trim>altitude</trim>
                         <trim_display>Altitude</trim_display>
                         <msrp>44640</msrp>
                         <variation_id>0-0</variation_id>
                         <drive>4x2</drive>
                         <llp>2TB</llp>
                         <mpg>
                             <hwy>26</hwy>
                             <city>19</city>
                             <disclaimer></disclaimer>
                         </mpg>
                     </grand_cherokee_altitude_4x2>
                     <grand_cherokee_altitude_x_4x2>
                         <ccode>CUJ202320WLTH74D</ccode>
                         <active>1</active>
                         <display>GRAND CHEROKEE ALTITUDE X 4X2</display>
                         <image_src>client=fcausandmarket=Uandbrand=Jandvehicle=2023_WLandpaint=PASandfabric=X7andsa=WLTH74,2TM,22M</image_src>
                         <trim>altitude_x</trim>
                         <trim_display>Altitude X</trim_display>
                         <msrp>45735</msrp>
                         <variation_id>0-0</variation_id>
                         <drive>4x2</drive>
                         <llp>2TM</llp>
                         <mpg>
                             <hwy>26</hwy>
                             <city>19</city>
                             <disclaimer></disclaimer>
                         </mpg>
                     </grand_cherokee_altitude_x_4x2>
                     <grand_cherokee_altitude_4x4>
                         <ccode>CUJ202320WLJH74B</ccode>
                         <active>1</active>
                         <display>GRAND CHEROKEE ALTITUDE 4X4</display>
                         <image_src>client=fcausandmarket=Uandbrand=Jandvehicle=2023_WLandpaint=PW7andfabric=X7andsa=WLJH74,2TB,22B</image_src>
                         <trim>altitude</trim>
                         <trim_display>Altitude</trim_display>
                         <msrp>46640</msrp>
                         <variation_id>1-0</variation_id>
                         <drive>4x4</drive>
                         <llp>2TB</llp>
                         <mpg>
                             <hwy>26</hwy>
                             <city>19</city>
                             <disclaimer></disclaimer>
                         </mpg>
                     </grand_cherokee_altitude_4x4>
                     <grand_cherokee_l_altitude_4x2>
                         <ccode>CUJ202320WLTH75B</ccode>
                         <active>1</active>
                         <display>GRAND CHEROKEE L ALTITUDE 4X2</display>
                         <image_src>client=fcausandmarket=Uandbrand=Jandvehicle=2023_WLandpaint=PW7andfabric=X7andsa=WLTH75,2TB,22B</image_src>
                         <trim>altitude</trim>
                         <trim_display>Altitude</trim_display>
                         <msrp>46640</msrp>
                         <variation_id>0-1</variation_id>
                         <drive>4x2</drive>
                         <llp>2TB</llp>
                         <mpg>
                             <hwy>26</hwy>
                             <city>19</city>
                             <disclaimer></disclaimer>
                         </mpg>
                     </grand_cherokee_l_altitude_4x2>
                     <grand_cherokee_altitude_x_4x4>
                         <ccode>CUJ202320WLJH74D</ccode>
                         <active>1</active>
                         <display>GRAND CHEROKEE ALTITUDE X 4X4</display>
                         <image_src>client=fcausandmarket=Uandbrand=Jandvehicle=2023_WLandpaint=PASandfabric=X7andsa=WLJH74,2TM,22M</image_src>
                         <trim>altitude_x</trim>
                         <trim_display>Altitude X</trim_display>
                         <msrp>47735</msrp>
                         <variation_id>1-0</variation_id>
                         <drive>4x4</drive>
                         <llp>2TM</llp>
                         <mpg>
                             <hwy>26</hwy>
                             <city>19</city>
                             <disclaimer></disclaimer>
                         </mpg>
                     </grand_cherokee_altitude_x_4x4>
                     <grand_cherokee_l_altitude_x_4x2>
                         <ccode>CUJ202320WLTH75D</ccode>
                         <active>1</active>
                         <display>GRAND CHEROKEE L ALTITUDE X 4X2</display>
                         <image_src>client=fcausandmarket=Uandbrand=Jandvehicle=2023_WLandpaint=PASandfabric=X7andsa=WLTH75,2TM,22M</image_src>
                         <trim>altitude_x</trim>
                         <trim_display>Altitude X</trim_display>
                         <msrp>47735</msrp>
                         <variation_id>0-1</variation_id>
                         <drive>4x2</drive>
                         <llp>2TM</llp>
                         <mpg>
                             <hwy>26</hwy>
                             <city>19</city>
                             <disclaimer></disclaimer>
                         </mpg>
                     </grand_cherokee_l_altitude_x_4x2>
                     <grand_cherokee_l_altitude_4x4>
                         <ccode>CUJ202320WLJH75B</ccode>
                         <active>1</active>
                         <display>GRAND CHEROKEE L ALTITUDE 4X4</display>
                         <image_src>client=fcausandmarket=Uandbrand=Jandvehicle=2023_WLandpaint=PW7andfabric=X7andsa=WLJH75,2TB,22B</image_src>
                         <trim>altitude</trim>
                         <trim_display>Altitude</trim_display>
                         <msrp>48640</msrp>
                         <variation_id>1-1</variation_id>
                         <drive>4x4</drive>
                         <llp>2TB</llp>
                         <mpg>
                             <hwy>25</hwy>
                             <city>18</city>
                             <disclaimer></disclaimer>
                         </mpg>
                     </grand_cherokee_l_altitude_4x4>
                     <grand_cherokee_l_altitude_x_4x4>
                         <ccode>CUJ202320WLJH75D</ccode>
                         <active>1</active>
                         <display>GRAND CHEROKEE L ALTITUDE X 4X4</display>
                         <image_src>client=fcausandmarket=Uandbrand=Jandvehicle=2023_WLandpaint=PASandfabric=X7andsa=WLJH75,2TM,22M</image_src>
                         <trim>altitude_x</trim>
                         <trim_display>Altitude X</trim_display>
                         <msrp>49735</msrp>
                         <variation_id>1-1</variation_id>
                         <drive>4x4</drive>
                         <llp>2TM</llp>
                         <mpg>
                             <hwy>25</hwy>
                             <city>18</city>
                             <disclaimer></disclaimer>
                         </mpg>
                     </grand_cherokee_l_altitude_x_4x4>
                     <grand_cherokee_limited_4x2>
                         <ccode>CUJ202320WLTP74A</ccode>
                         <active>1</active>
                         <display>GRAND CHEROKEE LIMITED 4X2</display>
                         <image_src>client=fcausandmarket=Uandbrand=Jandvehicle=2023_WLandpaint=PRVandfabric=W7andsa=WLTP74,2TE,22E</image_src>
                         <trim>limited</trim>
                         <trim_display>Limited</trim_display>
                         <msrp>50000</msrp>
                         <variation_id>0-0</variation_id>
                         <drive>4x2</drive>
                         <llp>2TE</llp>
                         <mpg>
                             <hwy>26</hwy>
                             <city>19</city>
                             <disclaimer></disclaimer>
                         </mpg>
                     </grand_cherokee_limited_4x2>
                     <grand_cherokee_limited_4x4>
                         <ccode>CUJ202320WLJP74A</ccode>
                         <active>1</active>
                         <display>GRAND CHEROKEE LIMITED 4X4</display>
                         <image_src>client=fcausandmarket=Uandbrand=Jandvehicle=2023_WLandpaint=PRVandfabric=W7andsa=WLJP74,2TE,22E</image_src>
                         <trim>limited</trim>
                         <trim_display>Limited</trim_display>
                         <msrp>52000</msrp>
                         <variation_id>1-0</variation_id>
                         <drive>4x4</drive>
                         <llp>2TE</llp>
                         <mpg>
                             <hwy>26</hwy>
                             <city>19</city>
                             <disclaimer></disclaimer>
                         </mpg>
                     </grand_cherokee_limited_4x4>
                     <grand_cherokee_l_limited_4x2>
                         <ccode>CUJ202320WLTP75A</ccode>
                         <active>1</active>
                         <display>GRAND CHEROKEE L LIMITED 4X2</display>
                         <image_src>client=fcausandmarket=Uandbrand=Jandvehicle=2023_WLandpaint=PRVandfabric=W7andsa=WLTP75,2TE,22E</image_src>
                         <trim>limited</trim>
                         <trim_display>Limited</trim_display>
                         <msrp>52000</msrp>
                         <variation_id>0-1</variation_id>
                         <drive>4x2</drive>
                         <llp>2TE</llp>
                         <mpg>
                             <hwy>26</hwy>
                             <city>19</city>
                             <disclaimer></disclaimer>
                         </mpg>
                     </grand_cherokee_l_limited_4x2>
                     <grand_cherokee_l_limited_4x4>
                         <ccode>CUJ202320WLJP75A</ccode>
                         <active>1</active>
                         <display>GRAND CHEROKEE L LIMITED 4X4</display>
                         <image_src>client=fcausandmarket=Uandbrand=Jandvehicle=2023_WLandpaint=PRVandfabric=W7andsa=WLJP75,2TE,22E</image_src>
                         <trim>limited</trim>
                         <trim_display>Limited</trim_display>
                         <msrp>54000</msrp>
                         <variation_id>1-1</variation_id>
                         <drive>4x4</drive>
                         <llp>2TE</llp>
                         <mpg>
                             <hwy>25</hwy>
                             <city>18</city>
                             <disclaimer></disclaimer>
                         </mpg>
                     </grand_cherokee_l_limited_4x4>
                     <grand_cherokee_overland_4x2>
                         <ccode>CUJ202320WLTS74A</ccode>
                         <active>1</active>
                         <display>GRAND CHEROKEE OVERLAND 4X2</display>
                         <image_src>client=fcausandmarket=Uandbrand=Jandvehicle=2023_WLandpaint=PXJandfabric=X7andsa=WLTS74,2TN,22N</image_src>
                         <trim>overland</trim>
                         <trim_display>Overland</trim_display>
                         <msrp>63590</msrp>
                         <variation_id>0-0</variation_id>
                         <drive>4x2</drive>
                         <llp>2TN</llp>
                         <mpg>
                             <hwy>26</hwy>
                             <city>19</city>
                             <disclaimer></disclaimer>
                         </mpg>
                     </grand_cherokee_overland_4x2>
                     <grand_cherokee_summit_4x2>
                         <ccode>CUJ202320WLTT74A</ccode>
                         <active>1</active>
                         <display>GRAND CHEROKEE SUMMIT 4X2</display>
                         <image_src>client=fcausandmarket=Uandbrand=Jandvehicle=2023_WLandpaint=PRVandfabric=T7andsa=WLTT74,2TS,22S</image_src>
                         <trim>summit</trim>
                         <trim_display>Summit</trim_display>
                         <msrp>65155</msrp>
                         <variation_id>0-0</variation_id>
                         <drive>4x2</drive>
                         <llp>2TS</llp>
                         <mpg>
                             <hwy>26</hwy>
                             <city>19</city>
                             <disclaimer></disclaimer>
                         </mpg>
                     </grand_cherokee_summit_4x2>
                     <grand_cherokee_overland_4x4>
                         <ccode>CUJ202320WLJS74A</ccode>
                         <active>1</active>
                         <display>GRAND CHEROKEE OVERLAND 4X4</display>
                         <image_src>client=fcausandmarket=Uandbrand=Jandvehicle=2023_WLandpaint=PXJandfabric=X7andsa=WLJS74,2TN,22N</image_src>
                         <trim>overland</trim>
                         <trim_display>Overland</trim_display>
                         <msrp>65590</msrp>
                         <variation_id>1-0</variation_id>
                         <drive>4x4</drive>
                         <llp>2TN</llp>
                         <mpg>
                             <hwy>26</hwy>
                             <city>19</city>
                             <disclaimer></disclaimer>
                         </mpg>
                     </grand_cherokee_overland_4x4>
                     <grand_cherokee_l_overland_4x2>
                         <ccode>CUJ202320WLTS75A</ccode>
                         <active>1</active>
                         <display>GRAND CHEROKEE L OVERLAND 4X2</display>
                         <image_src>client=fcausandmarket=Uandbrand=Jandvehicle=2023_WLandpaint=PFJandfabric=X7andsa=WLTS75,2TN,22N</image_src>
                         <trim>overland</trim>
                         <trim_display>Overland</trim_display>
                         <msrp>65590</msrp>
                         <variation_id>0-1</variation_id>
                         <drive>4x2</drive>
                         <llp>2TN</llp>
                         <mpg>
                             <hwy>26</hwy>
                             <city>19</city>
                             <disclaimer></disclaimer>
                         </mpg>
                     </grand_cherokee_l_overland_4x2>
                     <grand_cherokee_l_summit_4x2>
                         <ccode>CUJ202320WLTT75A</ccode>
                         <active>1</active>
                         <display>GRAND CHEROKEE L SUMMIT 4X2</display>
                         <image_src>client=fcausandmarket=Uandbrand=Jandvehicle=2023_WLandpaint=PRVandfabric=T7andsa=WLTT75,2TS,22S</image_src>
                         <trim>summit</trim>
                         <trim_display>Summit</trim_display>
                         <msrp>67155</msrp>
                         <variation_id>0-1</variation_id>
                         <drive>4x2</drive>
                         <llp>2TS</llp>
                         <mpg>
                             <hwy>26</hwy>
                             <city>19</city>
                             <disclaimer></disclaimer>
                         </mpg>
                     </grand_cherokee_l_summit_4x2>
                     <grand_cherokee_summit_4x4>
                         <ccode>CUJ202320WLJT74B</ccode>
                         <active>1</active>
                         <display>GRAND CHEROKEE SUMMIT 4X4</display>
                         <image_src>client=fcausandmarket=Uandbrand=Jandvehicle=2023_WLandpaint=PRVandfabric=T7andsa=WLJT74,2TS,22S</image_src>
                         <trim>summit</trim>
                         <trim_display>Summit</trim_display>
                         <msrp>67155</msrp>
                         <variation_id>1-0</variation_id>
                         <drive>4x4</drive>
                         <llp>2TS</llp>
                         <mpg>
                             <hwy>26</hwy>
                             <city>19</city>
                             <disclaimer></disclaimer>
                         </mpg>
                     </grand_cherokee_summit_4x4>
                     <grand_cherokee_l_overland_4x4>
                         <ccode>CUJ202320WLJS75A</ccode>
                         <active>1</active>
                         <display>GRAND CHEROKEE L OVERLAND 4X4</display>
                         <image_src>client=fcausandmarket=Uandbrand=Jandvehicle=2023_WLandpaint=PFJandfabric=X7andsa=WLJS75,2TN,22N</image_src>
                         <trim>overland</trim>
                         <trim_display>Overland</trim_display>
                         <msrp>67590</msrp>
                         <variation_id>1-1</variation_id>
                         <drive>4x4</drive>
                         <llp>2TN</llp>
                         <mpg>
                             <hwy>25</hwy>
                             <city>18</city>
                             <disclaimer></disclaimer>
                         </mpg>
                     </grand_cherokee_l_overland_4x4>
                     <grand_cherokee_l_summit_4x4>
                         <ccode>CUJ202320WLJT75A</ccode>
                         <active>1</active>
                         <display>GRAND CHEROKEE L SUMMIT 4X4</display>
                         <image_src>client=fcausandmarket=Uandbrand=Jandvehicle=2023_WLandpaint=PRVandfabric=T7andsa=WLJT75,2TS,22S</image_src>
                         <trim>summit</trim>
                         <trim_display>Summit</trim_display>
                         <msrp>69155</msrp>
                         <variation_id>1-1</variation_id>
                         <drive>4x4</drive>
                         <llp>2TS</llp>
                         <mpg>
                             <hwy>25</hwy>
                             <city>18</city>
                             <disclaimer></disclaimer>
                         </mpg>
                     </grand_cherokee_l_summit_4x4>
                     <grand_cherokee_summit_reserve_4x4>
                         <ccode>CUJ202320WLJT74A</ccode>
                         <active>1</active>
                         <display>GRAND CHEROKEE SUMMIT RESERVE 4X4</display>
                         <image_src>client=fcausandmarket=Uandbrand=Jandvehicle=2023_WLandpaint=PASandfabric=T7andsa=WLJT74,2TU,22U</image_src>
                         <trim>summit_reserve</trim>
                         <trim_display>Summit Reserve</trim_display>
                         <msrp>71635</msrp>
                         <variation_id>1-0</variation_id>
                         <drive>4x4</drive>
                         <llp>2TU</llp>
                         <mpg>
                             <hwy>26</hwy>
                             <city>19</city>
                             <disclaimer></disclaimer>
                         </mpg>
                     </grand_cherokee_summit_reserve_4x4>
                     <grand_cherokee_l_summit_reserve_4x4>
                         <ccode>CUJ202320WLJT75B</ccode>
                         <active>1</active>
                         <display>GRAND CHEROKEE L SUMMIT RESERVE4X4</display>
                         <image_src>client=fcausandmarket=Uandbrand=Jandvehicle=2023_WLandpaint=PASandfabric=T7andsa=WLJT75,2TU,22U</image_src>
                         <trim>summit_reserve</trim>
                         <trim_display>Summit Reserve</trim_display>
                         <msrp>73635</msrp>
                         <variation_id>1-1</variation_id>
                         <drive>4x4</drive>
                         <llp>2TU</llp>
                         <mpg>
                             <hwy>25</hwy>
                             <city>18</city>
                             <disclaimer></disclaimer>
                         </mpg>
                     </grand_cherokee_l_summit_reserve_4x4>
                 </models>
                 <drives>
                     <id>0</id>
                     <name>4x2</name>
                 </drives>
                 <drives>
                     <id>1</id>
                     <name>4x4</name>
                 </drives>
             </grand_cherokee_wl>
     