<gladiator>
                 <active>1</active>
                 <display>Gladiator</display>
                 <myc>CUJ202311</myc>
                 <base>gladiator_sport_4x4</base>
                 <mpg>gladiator_mojave_4x4</mpg>
                 <trims>sport_s</trims>
                 <trims>freedom</trims>
                 <trims>texas_trail</trims>
                 <trims>rubicon</trims>
                 <trims>mojave</trims>
                 <trims>sport</trims>
                 <trims>willys</trims>
                 <trims>high_altitude</trims>
                 <models>
                     <gladiator_sport_4x4>
                         <ccode>CUJ202311JTJL98A</ccode>
                         <active>1</active>
                         <display>GLADIATOR SPORT 4X4</display>
                         <image>gladiator3.avif</image>
                         <trim>sport</trim>
                         <trim_display>Sport</trim_display>
                         <msrp>39620</msrp>
                         <variation_id>0</variation_id>
                         <drive>4x4</drive>
                         <llp>2TB</llp>
                         <mpg>
                             <hwy>23</hwy>
                             <city>16</city>
                             <disclaimer></disclaimer>
                         </mpg>
                     </gladiator_sport_4x4>
                     <gladiator_sport_s_4x4>
                         <ccode>CUJ202311JTJL98B</ccode>
                         <active>1</active>
                         <display>GLADIATOR SPORT S 4X4</display>
                         <image>gladiator4.avif</image>
                         <trim>sport_s</trim>
                         <trim_display>Sport S</trim_display>
                         <msrp>43915</msrp>
                         <variation_id>0</variation_id>
                         <drive>4x4</drive>
                         <llp>2TS</llp>
                         <mpg>
                             <hwy>23</hwy>
                             <city>16</city>
                             <disclaimer></disclaimer>
                         </mpg>
                     </gladiator_sport_s_4x4>
                     <gladiator_willys_4x4>
                         <ccode>CUJ202311JTJL98F</ccode>
                         <active>1</active>
                         <display>GLADIATOR WILLYS 4X4</display>
                         <image>gladiator5.avif</image>
                         <trim>willys</trim>
                         <trim_display>Willys</trim_display>
                         <msrp>47660</msrp>
                         <variation_id>0</variation_id>
                         <drive>4x4</drive>
                         <llp>2TW</llp>
                         <mpg>
                             <hwy>23</hwy>
                             <city>16</city>
                             <disclaimer></disclaimer>
                         </mpg>
                     </gladiator_willys_4x4>
                     <gladiator_freedom_4x4>
                         <ccode>CUJ202311JTJL98C</ccode>
                         <active>1</active>
                         <display>GLADIATOR FREEDOM 4X4</display>
                         <image>gladiator6.avif</image>
                         <trim>freedom</trim>
                         <trim_display>Freedom</trim_display>
                         <msrp>47965</msrp>
                         <variation_id>0</variation_id>
                         <drive>4x4</drive>
                         <llp>2TF</llp>
                         <mpg>
                             <hwy>22</hwy>
                             <city>17</city>
                             <disclaimer></disclaimer>
                         </mpg>
                     </gladiator_freedom_4x4>
                     <gladiator_texas_trail_4x4>
                         <ccode>CUJ202311JTJL98I</ccode>
                         <active>1</active>
                         <display>GLADIATOR TEXAS TRAIL 4X4</display>
                         <image>gladiator7.avif</image>
                         <trim>texas_trail</trim>
                         <trim_display>Texas Trail</trim_display>
                         <msrp>49760</msrp>
                         <variation_id>0</variation_id>
                         <drive>4x4</drive>
                         <llp>2TJ</llp>
                         <mpg>
                             <hwy>22</hwy>
                             <city>17</city>
                             <disclaimer></disclaimer>
                         </mpg>
                     </gladiator_texas_trail_4x4>
                     <gladiator_mojave_4x4>
                         <ccode>CUJ202311JTJH98A</ccode>
                         <active>1</active>
                         <display>GLADIATOR MOJAVE 4X4</display>
                        <image>gladiator8.avif</image>
                         <trim>mojave</trim>
                         <trim_display>Mojave</trim_display>
                         <msrp>52470</msrp>
                         <variation_id>0</variation_id>
                         <drive>4x4</drive>
                         <llp>2TD</llp>
                         <mpg>
                             <hwy>23</hwy>
                             <city>16</city>
                             <disclaimer></disclaimer>
                         </mpg>
                     </gladiator_mojave_4x4>
                     <gladiator_rubicon_4x4>
                         <ccode>CUJ202311JTJS98A</ccode>
                         <active>1</active>
                         <display>GLADIATOR RUBICON 4X4</display>
                         <image>gladiator9.avif</image>
                         <trim>rubicon</trim>
                         <trim_display>Rubicon</trim_display>
                         <msrp>52470</msrp>
                         <variation_id>0</variation_id>
                         <drive>4x4</drive>
                         <llp>2TR</llp>
                         <mpg>
                             <hwy>23</hwy>
                             <city>16</city>
                             <disclaimer></disclaimer>
                         </mpg>
                     </gladiator_rubicon_4x4>
                     <gladiator_high_altitude_4x4>
                         <ccode>CUJ202311JTJP98C</ccode>
                         <active>1</active>
                         <display>GLADIATOR HIGH ALTITUDE 4X4</display>
                         <image>gladiator10.avif</image>
                         <trim>high_altitude</trim>
                         <trim_display>High Altitude</trim_display>
                         <msrp>55455</msrp>
                         <variation_id>0</variation_id>
                         <drive>4x4</drive>
                         <llp>2TN</llp>
                         <mpg>
                             <hwy>22</hwy>
                             <city>17</city>
                             <disclaimer></disclaimer>
                         </mpg>
                     </gladiator_high_altitude_4x4>
                 </models>
                 <drives>
                     <id>0</id>
                     <name>4x4</name>
                 </drives>
             </gladiator>
             