<grand_cherokee_wl>
                 <active>1</active>
                 <display>Grand Cherokee</display>
                 <myc>CUJ202420</myc>
                 <base>grand_cherokee_laredo_a_4x2</base>
                 <mpg>grand_cherokee_laredo_4x2</mpg>
                 <trims>laredo_x</trims>
                 <trims>laredo</trims>
                 <trims>summit</trims>
                 <trims>summit_reserve</trims>
                 <trims>altitude</trims>
                 <trims>limited</trims>
                 <trims>overland</trims>
                 <trims>laredo_a</trims>
                 <trims>altitude_x</trims>
                 <models>
                     <grand_cherokee_laredo_a_4x2>
                         <ccode>CUJ202420WLTH74E</ccode>
                         <active>1</active>
                         <display>GRAND CHEROKEE LAREDO A 4X2</display>
                         <image_src>client=fcausandmarket=Uandbrand=Jandvehicle=2024_WLandpaint=PW7andfabric=X7andsa=WLTH74,2TZ,23Z</image_src>
                         <image>grand_cherokee_wl1.avif</image>
                         <trim>laredo_a</trim>
                         <trim_display>Laredo A</trim_display>
                         <msrp>36495</msrp>
                         <variation_id>0-0</variation_id>
                         <drive>4x2</drive>
                         <llp>2TZ</llp>
                         <mpg>
                             <hwy>26</hwy>
                             <city>19</city>
                             <disclaimer></disclaimer>
                         </mpg>
                     </grand_cherokee_laredo_a_4x2>
                     <grand_cherokee_laredo_4x2>
                         <ccode>CUJ202420WLTH74A</ccode>
                         <active>1</active>
                         <display>GRAND CHEROKEE LAREDO 4X2</display>
                         <image_src>client=fcausandmarket=Uandbrand=Jandvehicle=2024_WLandpaint=PW7andfabric=X7andsa=WLTH74,2TA,23A</image_src>
                         <image>grand_cherokee_wl2.avif</image>
                         <trim>laredo</trim>
                         <trim_display>Laredo</trim_display>
                         <msrp>38035</msrp>
                         <variation_id>0-0</variation_id>
                         <drive>4x2</drive>
                         <llp>2TA</llp>
                         <mpg>
                             <hwy>26</hwy>
                             <city>19</city>
                             <disclaimer></disclaimer>
                         </mpg>
                     </grand_cherokee_laredo_4x2>
                     <grand_cherokee_laredo_x_4x2>
                         <ccode>CUJ202420WLTH74C</ccode>
                         <active>1</active>
                         <display>GRAND CHEROKEE LAREDO X 4X2</display>
                         <image_src>client=fcausandmarket=Uandbrand=Jandvehicle=2024_WLandpaint=PW7andfabric=X7andsa=WLTH74,2TD,23D</image_src>
                         <image>grand_cherokee_wl3.avif</image>
                         <trim>laredo_x</trim>
                         <trim_display>Laredo X</trim_display>
                         <msrp>38785</msrp>
                         <variation_id>0-0</variation_id>
                         <drive>4x2</drive>
                         <llp>2TD</llp>
                         <mpg>
                             <hwy>26</hwy>
                             <city>19</city>
                             <disclaimer></disclaimer>
                         </mpg>
                     </grand_cherokee_laredo_x_4x2>
                     <grand_cherokee_laredo_4x4>
                         <ccode>CUJ202420WLJH74A</ccode>
                         <active>1</active>
                         <display>GRAND CHEROKEE LAREDO 4X4</display>
                         <image_src>client=fcausandmarket=Uandbrand=Jandvehicle=2024_WLandpaint=PW7andfabric=W7andsa=WLJH74,2TA,23A</image_src>
                         <image>grand_cherokee_wl2.avif</image>
                         <trim>laredo</trim>
                         <trim_display>Laredo</trim_display>
                         <msrp>40035</msrp>
                         <variation_id>1-0</variation_id>
                         <drive>4x4</drive>
                         <llp>2TA</llp>
                         <mpg>
                             <hwy>26</hwy>
                             <city>19</city>
                             <disclaimer></disclaimer>
                         </mpg>
                     </grand_cherokee_laredo_4x4>
                     <grand_cherokee_l_laredo_4x2>
                         <ccode>CUJ202420WLTH75A</ccode>
                         <active>1</active>
                         <display>GRAND CHEROKEE L LAREDO 4X2</display>
                         <image_src>client=fcausandmarket=Uandbrand=Jandvehicle=2024_WLandpaint=PW7andfabric=W7andsa=WLTH75,2TA,23A</image_src>
                         <image>grand_cherokee_wl2.avif</image>
                         <trim>laredo</trim>
                         <trim_display>Laredo</trim_display>
                         <msrp>40035</msrp>
                         <variation_id>0-1</variation_id>
                         <drive>4x2</drive>
                         <llp>2TA</llp>
                         <mpg>
                             <hwy>26</hwy>
                             <city>19</city>
                             <disclaimer></disclaimer>
                         </mpg>
                     </grand_cherokee_l_laredo_4x2>
                     <grand_cherokee_l_laredo_x_4x2>
                         <ccode>CUJ202420WLTH75C</ccode>
                         <active>1</active>
                         <display>GRAND CHEROKEE L LAREDO X 4X2</display>
                         <image_src>client=fcausandmarket=Uandbrand=Jandvehicle=2024_WLandpaint=PW7andfabric=W7andsa=WLTH75,2TD,23D</image_src>
                         <image>grand_cherokee_wl3.avif</image>
                         <trim>laredo_x</trim>
                         <trim_display>Laredo X</trim_display>
                         <msrp>40535</msrp>
                         <variation_id>0-1</variation_id>
                         <drive>4x2</drive>
                         <llp>2TD</llp>
                         <mpg>
                             <hwy>26</hwy>
                             <city>19</city>
                             <disclaimer></disclaimer>
                         </mpg>
                     </grand_cherokee_l_laredo_x_4x2>
                     <grand_cherokee_laredo_x_4x4>
                         <ccode>CUJ202420WLJH74C</ccode>
                         <active>1</active>
                         <display>GRAND CHEROKEE LAREDO X 4X4</display>
                         <image_src>client=fcausandmarket=Uandbrand=Jandvehicle=2024_WLandpaint=PW7andfabric=W7andsa=WLJH74,2TD,23D</image_src>
                         <image>grand_cherokee_wl3.avif</image>
                         <trim>laredo_x</trim>
                         <trim_display>Laredo X</trim_display>
                         <msrp>40785</msrp>
                         <variation_id>1-0</variation_id>
                         <drive>4x4</drive>
                         <llp>2TD</llp>
                         <mpg>
                             <hwy>26</hwy>
                             <city>19</city>
                             <disclaimer></disclaimer>
                         </mpg>
                     </grand_cherokee_laredo_x_4x4>
                     <grand_cherokee_l_laredo_4x4>
                         <ccode>CUJ202420WLJH75A</ccode>
                         <active>1</active>
                         <display>GRAND CHEROKEE L LAREDO 4X4</display>
                         <image_src>client=fcausandmarket=Uandbrand=Jandvehicle=2024_WLandpaint=PW7andfabric=W7andsa=WLJH75,2TA,23A</image_src>
                         <image>grand_cherokee_wl2.avif</image>
                         <trim>laredo</trim>
                         <trim_display>Laredo</trim_display>
                         <msrp>42035</msrp>
                         <variation_id>1-1</variation_id>
                         <drive>4x4</drive>
                         <llp>2TA</llp>
                         <mpg>
                             <hwy>25</hwy>
                             <city>18</city>
                             <disclaimer></disclaimer>
                         </mpg>
                     </grand_cherokee_l_laredo_4x4>
                     <grand_cherokee_l_laredo_x_4x4>
                         <ccode>CUJ202420WLJH75C</ccode>
                         <active>1</active>
                         <display>GRAND CHEROKEE L LAREDO X 4X4</display>
                         <image_src>client=fcausandmarket=Uandbrand=Jandvehicle=2024_WLandpaint=PW7andfabric=W7andsa=WLJH75,2TD,23D</image_src>
                         <image>grand_cherokee_wl3.avif</image>
                         <trim>laredo_x</trim>
                         <trim_display>Laredo X</trim_display>
                         <msrp>42535</msrp>
                         <variation_id>1-1</variation_id>
                         <drive>4x4</drive>
                         <llp>2TD</llp>
                         <mpg>
                             <hwy>25</hwy>
                             <city>18</city>
                             <disclaimer></disclaimer>
                         </mpg>
                     </grand_cherokee_l_laredo_x_4x4>
                     <grand_cherokee_altitude_4x2>
                         <ccode>CUJ202420WLTH74B</ccode>
                         <active>1</active>
                         <display>GRAND CHEROKEE ALTITUDE 4X2</display>
                         <image_src>client=fcausandmarket=Uandbrand=Jandvehicle=2024_WLandpaint=PW7andfabric=X7andsa=WLTH74,2TB,23B</image_src>
                         <image>grand_cherokee_wl4.avif</image>
                         <trim>altitude</trim>
                         <trim_display>Altitude</trim_display>
                         <msrp>42640</msrp>
                         <variation_id>0-0</variation_id>
                         <drive>4x2</drive>
                         <llp>2TB</llp>
                         <mpg>
                             <hwy>26</hwy>
                             <city>19</city>
                             <disclaimer></disclaimer>
                         </mpg>
                     </grand_cherokee_altitude_4x2>
                     <grand_cherokee_altitude_x_4x2>
                         <ccode>CUJ202420WLTH74D</ccode>
                         <active>1</active>
                         <display>GRAND CHEROKEE ALTITUDE X 4X2</display>
                         <image_src>client=fcausandmarket=Uandbrand=Jandvehicle=2024_WLandpaint=PW7andfabric=X7andsa=WLTH74,2TM,23M</image_src>
                         <image>grand_cherokee_wl5.avif</image>
                         <trim>altitude_x</trim>
                         <trim_display>Altitude X</trim_display>
                         <msrp>43140</msrp>
                         <variation_id>0-0</variation_id>
                         <drive>4x2</drive>
                         <llp>2TM</llp>
                         <mpg>
                             <hwy>26</hwy>
                             <city>19</city>
                             <disclaimer></disclaimer>
                         </mpg>
                     </grand_cherokee_altitude_x_4x2>
                     <grand_cherokee_altitude_4x4>
                         <ccode>CUJ202420WLJH74B</ccode>
                         <active>1</active>
                         <display>GRAND CHEROKEE ALTITUDE 4X4</display>
                         <image_src>client=fcausandmarket=Uandbrand=Jandvehicle=2024_WLandpaint=PW7andfabric=W7andsa=WLJH74,2TB,23B</image_src>
                         <image>grand_cherokee_wl4.avif</image>
                         <trim>altitude</trim>
                         <trim_display>Altitude</trim_display>
                         <msrp>44640</msrp>
                         <variation_id>1-0</variation_id>
                         <drive>4x4</drive>
                         <llp>2TB</llp>
                         <mpg>
                             <hwy>26</hwy>
                             <city>19</city>
                             <disclaimer></disclaimer>
                         </mpg>
                     </grand_cherokee_altitude_4x4>
                     <grand_cherokee_l_altitude_4x2>
                         <ccode>CUJ202420WLTH75B</ccode>
                         <active>1</active>
                         <display>GRAND CHEROKEE L ALTITUDE 4X2</display>
                         <image_src>client=fcausandmarket=Uandbrand=Jandvehicle=2024_WLandpaint=PW7andfabric=W7andsa=WLTH75,2TB,23B</image_src>
                         <image>grand_cherokee_wl4.avif</image>
                         <trim>altitude</trim>
                         <trim_display>Altitude</trim_display>
                         <msrp>44640</msrp>
                         <variation_id>0-1</variation_id>
                         <drive>4x2</drive>
                         <llp>2TB</llp>
                         <mpg>
                             <hwy>26</hwy>
                             <city>19</city>
                             <disclaimer></disclaimer>
                         </mpg>
                     </grand_cherokee_l_altitude_4x2>
                     <grand_cherokee_altitude_x_4x4>
                         <ccode>CUJ202420WLJH74D</ccode>
                         <active>1</active>
                         <display>GRAND CHEROKEE ALTITUDE X 4X4</display>
                         <image_src>client=fcausandmarket=Uandbrand=Jandvehicle=2024_WLandpaint=PW7andfabric=W7andsa=WLJH74,2TM,23M</image_src>
                         <image>grand_cherokee_wl5.avif</image>
                         <trim>altitude_x</trim>
                         <trim_display>Altitude X</trim_display>
                         <msrp>45140</msrp>
                         <variation_id>1-0</variation_id>
                         <drive>4x4</drive>
                         <llp>2TM</llp>
                         <mpg>
                             <hwy>26</hwy>
                             <city>19</city>
                             <disclaimer></disclaimer>
                         </mpg>
                     </grand_cherokee_altitude_x_4x4>
                     <grand_cherokee_l_altitude_x_4x2>
                         <ccode>CUJ202420WLTH75D</ccode>
                         <active>1</active>
                         <display>GRAND CHEROKEE L ALTITUDE X 4X2</display>
                         <image_src>client=fcausandmarket=Uandbrand=Jandvehicle=2024_WLandpaint=PW7andfabric=W7andsa=WLTH75,2TM,23M</image_src>
                         <image>grand_cherokee_wl5.avif</image>
                         <trim>altitude_x</trim>
                         <trim_display>Altitude X</trim_display>
                         <msrp>45140</msrp>
                         <variation_id>0-1</variation_id>
                         <drive>4x2</drive>
                         <llp>2TM</llp>
                         <mpg>
                             <hwy>26</hwy>
                             <city>19</city>
                             <disclaimer></disclaimer>
                         </mpg>
                     </grand_cherokee_l_altitude_x_4x2>
                     <grand_cherokee_limited_4x2>
                         <ccode>CUJ202420WLTP74A</ccode>
                         <active>1</active>
                         <display>GRAND CHEROKEE LIMITED 4X2</display>
                         <image_src>client=fcausandmarket=Uandbrand=Jandvehicle=2024_WLandpaint=PW7andfabric=W7andsa=WLTP74,2TE,23E</image_src>
                         <image>grand_cherokee_wl6.avif</image>
                         <trim>limited</trim>
                         <trim_display>Limited</trim_display>
                         <msrp>45905</msrp>
                         <variation_id>0-0</variation_id>
                         <drive>4x2</drive>
                         <llp>2TE</llp>
                         <mpg>
                             <hwy>26</hwy>
                             <city>19</city>
                             <disclaimer></disclaimer>
                         </mpg>
                     </grand_cherokee_limited_4x2>
                     <grand_cherokee_l_altitude_4x4>
                         <ccode>CUJ202420WLJH75B</ccode>
                         <active>1</active>
                         <display>GRAND CHEROKEE L ALTITUDE 4X4</display>
                         <image_src>client=fcausandmarket=Uandbrand=Jandvehicle=2024_WLandpaint=PW7andfabric=W7andsa=WLJH75,2TB,23B</image_src>
                         <image>grand_cherokee_wl4.avif</image>
                         <trim>altitude</trim>
                         <trim_display>Altitude</trim_display>
                         <msrp>46640</msrp>
                         <variation_id>1-1</variation_id>
                         <drive>4x4</drive>
                         <llp>2TB</llp>
                         <mpg>
                             <hwy>25</hwy>
                             <city>18</city>
                             <disclaimer></disclaimer>
                         </mpg>
                     </grand_cherokee_l_altitude_4x4>
                     <grand_cherokee_l_altitude_x_4x4>
                         <ccode>CUJ202420WLJH75D</ccode>
                         <active>1</active>
                         <display>GRAND CHEROKEE L ALTITUDE X 4X4</display>
                         <image_src>client=fcausandmarket=Uandbrand=Jandvehicle=2024_WLandpaint=PW7andfabric=W7andsa=WLJH75,2TM,23M</image_src>
                         <image>grand_cherokee_wl5.avif</image>
                         <trim>altitude_x</trim>
                         <trim_display>Altitude X</trim_display>
                         <msrp>47140</msrp>
                         <variation_id>1-1</variation_id>
                         <drive>4x4</drive>
                         <llp>2TM</llp>
                         <mpg>
                             <hwy>25</hwy>
                             <city>18</city>
                             <disclaimer></disclaimer>
                         </mpg>
                     </grand_cherokee_l_altitude_x_4x4>
                     <grand_cherokee_limited_4x4>
                         <ccode>CUJ202420WLJP74A</ccode>
                         <active>1</active>
                         <display>GRAND CHEROKEE LIMITED 4X4</display>
                         <image_src>client=fcausandmarket=Uandbrand=Jandvehicle=2024_WLandpaint=PW7andfabric=W7andsa=WLJP74,2TE,23E</image_src>
                         <image>grand_cherokee_wl6.avif</image>
                         <trim>limited</trim>
                         <trim_display>Limited</trim_display>
                         <msrp>47905</msrp>
                         <variation_id>1-0</variation_id>
                         <drive>4x4</drive>
                         <llp>2TE</llp>
                         <mpg>
                             <hwy>26</hwy>
                             <city>19</city>
                             <disclaimer></disclaimer>
                         </mpg>
                     </grand_cherokee_limited_4x4>
                     <grand_cherokee_l_limited_4x2>
                         <ccode>CUJ202420WLTP75A</ccode>
                         <active>1</active>
                         <display>GRAND CHEROKEE L LIMITED 4X2</display>
                         <image_src>client=fcausandmarket=Uandbrand=Jandvehicle=2024_WLandpaint=PW7andfabric=W7andsa=WLTP75,2TE,23E</image_src>
                         <image>grand_cherokee_wl6.avif</image>
                         <trim>limited</trim>
                         <trim_display>Limited</trim_display>
                         <msrp>47905</msrp>
                         <variation_id>0-1</variation_id>
                         <drive>4x2</drive>
                         <llp>2TE</llp>
                         <mpg>
                             <hwy>26</hwy>
                             <city>19</city>
                             <disclaimer></disclaimer>
                         </mpg>
                     </grand_cherokee_l_limited_4x2>
                     <grand_cherokee_l_limited_4x4>
                         <ccode>CUJ202420WLJP75A</ccode>
                         <active>1</active>
                         <display>GRAND CHEROKEE L LIMITED 4X4</display>
                         <image_src>client=fcausandmarket=Uandbrand=Jandvehicle=2024_WLandpaint=PW7andfabric=W7andsa=WLJP75,2TE,23E</image_src>
                         <image>grand_cherokee_wl6.avif</image>
                         <trim>limited</trim>
                         <trim_display>Limited</trim_display>
                         <msrp>49905</msrp>
                         <variation_id>1-1</variation_id>
                         <drive>4x4</drive>
                         <llp>2TE</llp>
                         <mpg>
                             <hwy>25</hwy>
                             <city>18</city>
                             <disclaimer></disclaimer>
                         </mpg>
                     </grand_cherokee_l_limited_4x4>
                     <grand_cherokee_overland_4x4>
                         <ccode>CUJ202420WLJS74A</ccode>
                         <active>1</active>
                         <display>GRAND CHEROKEE OVERLAND 4X4</display>
                         <image_src>client=fcausandmarket=Uandbrand=Jandvehicle=2024_WLandpaint=PW7andfabric=X7andsa=WLJS74,2TN,23N</image_src>
                         <image>grand_cherokee_wl7.avif</image>
                         <trim>overland</trim>
                         <trim_display>Overland</trim_display>
                         <msrp>60995</msrp>
                         <variation_id>1-0</variation_id>
                         <drive>4x4</drive>
                         <llp>2TN</llp>
                         <mpg>
                             <hwy>26</hwy>
                             <city>19</city>
                             <disclaimer></disclaimer>
                         </mpg>
                     </grand_cherokee_overland_4x4>
                     <grand_cherokee_summit_4x4>
                         <ccode>CUJ202420WLJT74B</ccode>
                         <active>1</active>
                         <display>GRAND CHEROKEE SUMMIT 4X4</display>
                         <image_src>client=fcausandmarket=Uandbrand=Jandvehicle=2024_WLandpaint=PW7andfabric=T7andsa=WLJT74,2TS,23S</image_src>
                         <image>grand_cherokee_wl8.avif</image>
                         <trim>summit</trim>
                         <trim_display>Summit</trim_display>
                         <msrp>62560</msrp>
                         <variation_id>1-0</variation_id>
                         <drive>4x4</drive>
                         <llp>2TS</llp>
                         <mpg>
                             <hwy>26</hwy>
                             <city>19</city>
                             <disclaimer></disclaimer>
                         </mpg>
                     </grand_cherokee_summit_4x4>
                     <grand_cherokee_l_overland_4x4>
                         <ccode>CUJ202420WLJS75A</ccode>
                         <active>1</active>
                         <display>GRAND CHEROKEE L OVERLAND 4X4</display>
                         <image_src>client=fcausandmarket=Uandbrand=Jandvehicle=2024_WLandpaint=PW7andfabric=X7andsa=WLJS75,2TN,23N</image_src>
                         <image>grand_cherokee_wl7.avif</image>
                         <trim>overland</trim>
                         <trim_display>Overland</trim_display>
                         <msrp>62995</msrp>
                         <variation_id>1-1</variation_id>
                         <drive>4x4</drive>
                         <llp>2TN</llp>
                         <mpg>
                             <hwy>25</hwy>
                             <city>18</city>
                             <disclaimer></disclaimer>
                         </mpg>
                     </grand_cherokee_l_overland_4x4>
                     <grand_cherokee_l_summit_4x4>
                         <ccode>CUJ202420WLJT75A</ccode>
                         <active>1</active>
                         <display>GRAND CHEROKEE L SUMMIT 4X4</display>
                         <image_src>client=fcausandmarket=Uandbrand=Jandvehicle=2024_WLandpaint=PW7andfabric=T7andsa=WLJT75,2TS,23S</image_src>
                         <image>grand_cherokee_wl8.avif</image>
                         <trim>summit</trim>
                         <trim_display>Summit</trim_display>
                         <msrp>64560</msrp>
                         <variation_id>1-1</variation_id>
                         <drive>4x4</drive>
                         <llp>2TS</llp>
                         <mpg>
                             <hwy>25</hwy>
                             <city>18</city>
                             <disclaimer></disclaimer>
                         </mpg>
                     </grand_cherokee_l_summit_4x4>
                     <grand_cherokee_summit_reserve_4x4>
                         <ccode>CUJ202420WLJT74A</ccode>
                         <active>1</active>
                         <display>GRAND CHEROKEE SUMMIT RESERVE 4X4</display>
                         <image_src>client=fcausandmarket=Uandbrand=Jandvehicle=2024_WLandpaint=PW7andfabric=T7andsa=WLJT74,2TU,23U</image_src>
                         <image>grand_cherokee_wl9.avif</image>
                         <trim>summit_reserve</trim>
                         <trim_display>Summit Reserve</trim_display>
                         <msrp>67040</msrp>
                         <variation_id>1-0</variation_id>
                         <drive>4x4</drive>
                         <llp>2TU</llp>
                         <mpg>
                             <hwy>26</hwy>
                             <city>19</city>
                             <disclaimer></disclaimer>
                         </mpg>
                     </grand_cherokee_summit_reserve_4x4>
                     <grand_cherokee_l_summit_reserve_4x4>
                         <ccode>CUJ202420WLJT75B</ccode>
                         <active>1</active>
                         <display>GRAND CHEROKEE L SUMMIT RESERVE 4X4</display>
                         <image_src>client=fcausandmarket=Uandbrand=Jandvehicle=2024_WLandpaint=PW7andfabric=T7andsa=WLJT75,2TU,23U</image_src>
                         <image>grand_cherokee_wl9.avif</image>
                         <trim>summit_reserve</trim>
                         <trim_display>Summit Reserve</trim_display>
                         <msrp>69040</msrp>
                         <variation_id>1-1</variation_id>
                         <drive>4x4</drive>
                         <llp>2TU</llp>
                         <mpg>
                             <hwy>25</hwy>
                             <city>18</city>
                             <disclaimer></disclaimer>
                         </mpg>
                     </grand_cherokee_l_summit_reserve_4x4>
                 </models>
                 <drives>
                     <id>0</id>
                     <name>4x2</name>
                 </drives>
                 <drives>
                     <id>1</id>
                     <name>4x4</name>
                 </drives>
             </grand_cherokee_wl>