<wagoneer>
                 <active>1</active>
                 <display>Wagoneer</display>
                 <myc>CUJ202415</myc>
                 <base>wagoneer_4x2</base>
                 <mpg>wagoneer_l_4x2</mpg>
                 <trims>series_iii</trims>
                 <trims>series_ii</trims>
                 <trims>carbide</trims>
                 <trims>wagoneer</trims>
                 <models>
                     <wagoneer_4x2>
                         <ccode>CUJ202415WSTM75A</ccode>
                         <active>1</active>
                         <display>Wagoneer 4X2</display>
                         <image>wagoneer2024_1.avif</image>
                         <trim>wagoneer</trim>
                         <trim_display>Wagoneer</trim_display>
                         <msrp>62945</msrp>
                         <variation_id>0</variation_id>
                         <drive>4x2</drive>
                         <llp>2TE</llp>
                         <mpg>
                             <hwy>24</hwy>
                             <city>17</city>
                             <disclaimer></disclaimer>
                         </mpg>
                     </wagoneer_4x2>
                     <wagoneer_l_4x2>
                         <ccode>CUJ202415WSTM76A</ccode>
                         <active>1</active>
                         <display>Wagoneer L 4X2</display>
                        <image>wagoneer2024_2.avif</image>
                         <trim>wagoneer</trim>
                         <trim_display>Wagoneer</trim_display>
                         <msrp>65945</msrp>
                         <variation_id>0</variation_id>
                         <drive>4x2</drive>
                         <llp>2TE</llp>
                         <mpg>
                             <hwy>24</hwy>
                             <city>17</city>
                             <disclaimer></disclaimer>
                         </mpg>
                     </wagoneer_l_4x2>
                     <wagoneer_4x4>
                         <ccode>CUJ202415WSJM75A</ccode>
                         <active>1</active>
                         <display>Wagoneer 4X4</display>
                           <image>wagoneer2024_3.avif</image>
                         <trim>wagoneer</trim>
                         <trim_display>Wagoneer</trim_display>
                         <msrp>65945</msrp>
                         <variation_id>1</variation_id>
                         <drive>4x4</drive>
                         <llp>2TE</llp>
                         <mpg>
                             <hwy>23</hwy>
                             <city>16</city>
                             <disclaimer></disclaimer>
                         </mpg>
                     </wagoneer_4x4>
                     <wagoneer_l_4x4>
                         <ccode>CUJ202415WSJM76A</ccode>
                         <active>1</active>
                         <display>Wagoneer L 4X4</display>
                           <image>wagoneer2024_4.avif</image>
                         <trim>wagoneer</trim>
                         <trim_display>Wagoneer</trim_display>
                         <msrp>68945</msrp>
                         <variation_id>1</variation_id>
                         <drive>4x4</drive>
                         <llp>2TE</llp>
                         <mpg>
                             <hwy>23</hwy>
                             <city>16</city>
                             <disclaimer></disclaimer>
                         </mpg>
                     </wagoneer_l_4x4>
                     <wagoneer_series_ii_4x2>
                         <ccode>CUJ202415WSTH75A</ccode>
                         <active>1</active>
                         <display>Wagoneer Series II 4X2</display>
                           <image>wagoneer2024_5.avif</image>
                         <trim>series_ii</trim>
                         <trim_display>Series II</trim_display>
                         <msrp>69825</msrp>
                         <variation_id>0</variation_id>
                         <drive>4x2</drive>
                         <llp>2TJ</llp>
                         <mpg>
                             <hwy>24</hwy>
                             <city>17</city>
                             <disclaimer></disclaimer>
                         </mpg>
                     </wagoneer_series_ii_4x2>
                     <wagoneer_series_ii_4x4>
                         <ccode>CUJ202415WSJH75A</ccode>
                         <active>1</active>
                         <display>Wagoneer Series II 4X4</display>
                           <image>wagoneer2024_6.avif</image>
                         <trim>series_ii</trim>
                         <trim_display>Series II</trim_display>
                         <msrp>72825</msrp>
                         <variation_id>1</variation_id>
                         <drive>4x4</drive>
                         <llp>2TJ</llp>
                         <mpg>
                             <hwy>23</hwy>
                             <city>16</city>
                             <disclaimer></disclaimer>
                         </mpg>
                     </wagoneer_series_ii_4x4>
                     <wagoneer_carbide_4x2>
                         <ccode>CUJ202415WSTH75B</ccode>
                         <active>1</active>
                         <display>Wagoneer Carbide 4X2</display>
                           <image>wagoneer2024_7.avif</image>
                         <trim>carbide</trim>
                         <trim_display>Carbide</trim_display>
                         <msrp>73520</msrp>
                         <variation_id>0</variation_id>
                         <drive>4x2</drive>
                         <llp>2TF</llp>
                         <mpg>
                             <hwy>24</hwy>
                             <city>17</city>
                             <disclaimer></disclaimer>
                         </mpg>
                     </wagoneer_carbide_4x2>
                     <wagoneer_l_series_ii_4x4>
                         <ccode>CUJ202415WSJH76A</ccode>
                         <active>1</active>
                         <display>Wagoneer L Series II 4X4</display>
                           <image>wagoneer2024_8.avif</image>
                         <trim>series_ii</trim>
                         <trim_display>Series II</trim_display>
                         <msrp>75825</msrp>
                         <variation_id>1</variation_id>
                         <drive>4x4</drive>
                         <llp>2TJ</llp>
                         <mpg>
                             <hwy>23</hwy>
                             <city>16</city>
                             <disclaimer></disclaimer>
                         </mpg>
                     </wagoneer_l_series_ii_4x4>
                     <wagoneer_carbide_4x4>
                         <ccode>CUJ202415WSJH75B</ccode>
                         <active>1</active>
                         <display>Wagoneer Carbide 4x4</display>
                           <image>wagoneer2024_9.avif</image>
                         <trim>carbide</trim>
                         <trim_display>Carbide</trim_display>
                         <msrp>76520</msrp>
                         <variation_id>1</variation_id>
                         <drive>4x4</drive>
                         <llp>2TF</llp>
                         <mpg>
                             <hwy>23</hwy>
                             <city>16</city>
                             <disclaimer></disclaimer>
                         </mpg>
                     </wagoneer_carbide_4x4>
                     <wagoneer_l_carbide_4x4>
                         <ccode>CUJ202415WSJH76B</ccode>
                         <active>1</active>
                         <display>Wagoneer L Carbide 4x4</display>
                           <image>wagoneer2024_10.avif</image>
                         <trim>carbide</trim>
                         <trim_display>Carbide</trim_display>
                         <msrp>79520</msrp>
                         <variation_id>1</variation_id>
                         <drive>4x4</drive>
                         <llp>2TF</llp>
                         <mpg>
                             <hwy>23</hwy>
                             <city>16</city>
                             <disclaimer></disclaimer>
                         </mpg>
                     </wagoneer_l_carbide_4x4>
                     <wagoneer_series_iii_4x4>
                         <ccode>CUJ202415WSJP75A</ccode>
                         <active>1</active>
                         <display>Wagoneer Series III 4x4</display>
                           <image>wagoneer2024_11.avif</image>
                         <trim>series_iii</trim>
                         <trim_display>Series III</trim_display>
                         <msrp>86320</msrp>
                         <variation_id>1</variation_id>
                         <drive>4x4</drive>
                         <llp>2TN</llp>
                         <mpg>
                             <hwy>23</hwy>
                             <city>16</city>
                             <disclaimer></disclaimer>
                         </mpg>
                     </wagoneer_series_iii_4x4>
                     <wagoneer_l_series_iii_4x4>
                         <ccode>CUJ202415WSJP76A</ccode>
                         <active>1</active>
                         <display>Wagoneer L Series III 4x4</display>
                           <image>wagoneer2024_12.avif</image>
                         <trim_display>Series III</trim_display>
                         <msrp>89320</msrp>
                         <variation_id>1</variation_id>
                         <drive>4x4</drive>
                         <llp>2TN</llp>
                         <mpg>
                             <hwy>23</hwy>
                             <city>16</city>
                             <disclaimer></disclaimer>
                         </mpg>
                     </wagoneer_l_series_iii_4x4>
                 </models>
                 <drives>
                     <id>0</id>
                     <name>4x2</name>
                 </drives>
                 <drives>
                     <id>1</id>
                     <name>4x4</name>
                 </drives>
             </wagoneer>