<gladiator>
                 <active>1</active>
                 <display>Gladiator</display>
                 <myc>CUJ202411</myc>
                 <base>gladiator_sport_4x4</base>
                 <mpg>gladiator_texas_trail_4x4</mpg>
                 <trims>mojave</trims>
                 <trims>texas_trail</trims>
                 <trims>rubicon</trims>
                 <trims>sport</trims>
                 <trims>rubicon_x</trims>
                 <trims>mojave_x</trims>
                 <trims>willys</trims>
                 <trims>sport_s</trims>
                 <models>
                     <gladiator_sport_4x4>
                         <ccode>CUJ202411JTJL98A</ccode>
                         <active>1</active>
                         <display>GLADIATOR SPORT 4X4</display>
                        <image>gladiator20248.avif</image>
                         <trim>sport</trim>
                         <trim_display>Sport</trim_display>
                         <msrp>37895</msrp>
                         <variation_id>0</variation_id>
                         <drive>4x4</drive>
                         <llp>2TB</llp>
                         <mpg>
                             <hwy>21</hwy>
                             <city>16</city>
                             <disclaimer></disclaimer>
                         </mpg>
                     </gladiator_sport_4x4>
                     <gladiator_sport_s_4x4>
                         <ccode>CUJ202411JTJL98B</ccode>
                         <active>1</active>
                         <display>GLADIATOR SPORT S 4X4</display>
                         <image>gladiator20241.avif</image>
                         <trim>sport_s</trim>
                         <trim_display>Sport S</trim_display>
                         <msrp>41990</msrp>
                         <variation_id>0</variation_id>
                         <drive>4x4</drive>
                         <llp>2TS</llp>
                         <mpg>
                             <hwy>21</hwy>
                             <city>16</city>
                             <disclaimer></disclaimer>
                         </mpg>
                     </gladiator_sport_s_4x4>
                     <gladiator_willys_4x4>
                         <ccode>CUJ202411JTJL98F</ccode>
                         <active>1</active>
                         <display>GLADIATOR WILLYS 4X4</display>
                        <image>gladiator20242.avif</image>
                         <trim>willys</trim>
                         <trim_display>Willys</trim_display>
                         <msrp>45590</msrp>
                         <variation_id>0</variation_id>
                         <drive>4x4</drive>
                         <llp>2TW</llp>
                         <mpg>
                             <hwy>21</hwy>
                             <city>16</city>
                             <disclaimer></disclaimer>
                         </mpg>
                     </gladiator_willys_4x4>
                     <gladiator_texas_trail_4x4>
                         <ccode>CUJ202411JTJL98I</ccode>
                         <active>1</active>
                         <display>GLADIATOR TEXAS TRAIL 4X4</display>
                         <image>gladiator20247.avif</image>
                         <trim>texas_trail</trim>
                         <trim_display>Texas Trail</trim_display>
                         <msrp>46690</msrp>
                         <variation_id>0</variation_id>
                         <drive>4x4</drive>
                         <llp>2TJ</llp>
                         <mpg>
                             <hwy>22</hwy>
                             <city>17</city>
                             <disclaimer></disclaimer>
                         </mpg>
                     </gladiator_texas_trail_4x4>
                     <gladiator_mojave_4x4>
                         <ccode>CUJ202411JTJH98A</ccode>
                         <active>1</active>
                         <display>GLADIATOR MOJAVE 4X4</display>
                         <image>gladiator20243.avif</image>
                         <trim>mojave</trim>
                         <trim_display>Mojave</trim_display>
                         <msrp>56930</msrp>
                         <variation_id>0</variation_id>
                         <drive>4x4</drive>
                         <llp>2TD</llp>
                         <mpg>
                             <hwy>21</hwy>
                             <city>16</city>
                             <disclaimer></disclaimer>
                         </mpg>
                     </gladiator_mojave_4x4>
                     <gladiator_rubicon_4x4>
                         <ccode>CUJ202411JTJS98A</ccode>
                         <active>1</active>
                         <display>GLADIATOR RUBICON 4X4</display>
                         <image>gladiator20244.avif</image>
                         <trim>rubicon</trim>
                         <trim_display>Rubicon</trim_display>
                         <msrp>56930</msrp>
                         <variation_id>0</variation_id>
                         <drive>4x4</drive>
                         <llp>2TR</llp>
                         <mpg>
                             <hwy>21</hwy>
                             <city>16</city>
                             <disclaimer></disclaimer>
                         </mpg>
                     </gladiator_rubicon_4x4>
                     <gladiator_rubicon_x_4x4>
                         <ccode>CUJ202411JTJS98C</ccode>
                         <active>1</active>
                         <display>GLADIATOR RUBICON X 4X4</display>
                         <image>gladiator20245.avif</image>
                         <trim>rubicon_x</trim>
                         <trim_display>Rubicon X</trim_display>
                         <msrp>63590</msrp>
                         <variation_id>0</variation_id>
                         <drive>4x4</drive>
                         <llp>2TY</llp>
                         <mpg>
                             <hwy>21</hwy>
                             <city>16</city>
                             <disclaimer></disclaimer>
                         </mpg>
                     </gladiator_rubicon_x_4x4>
                     <gladiator_mojave_x_4x4>
                         <ccode>CUJ202411JTJH98B</ccode>
                         <active>1</active>
                         <display>GLADIATOR MOJAVE X 4X4</display>
                         <image>gladiator20246.avif</image>
                         <trim>mojave_x</trim>
                         <trim_display>Mojave X</trim_display>
                         <msrp>63590</msrp>
                         <variation_id>0</variation_id>
                         <drive>4x4</drive>
                         <llp>2TA</llp>
                         <mpg>
                             <hwy>21</hwy>
                             <city>16</city>
                             <disclaimer></disclaimer>
                         </mpg>
                     </gladiator_mojave_x_4x4>
                 </models>
                 <drives>
                     <id>0</id>
                     <name>4x4</name>
                 </drives>
             </gladiator>